Date,Open,High,Low,Close,Volume,Dividends,Daily Return
2020-09-30,10.0,11.40999984741211,9.109999656677246,9.5,338584400,0.0,0.0
2020-10-01,9.6899995803833,10.100000381469728,9.229999542236328,9.460000038146973,124297600,0.0,-0.4210522300318708
2020-10-02,9.0600004196167,9.279999732971191,8.9399995803833,9.199999809265137,55018300,0.0,-2.7484167847082297
2020-10-05,9.43000030517578,9.489999771118164,8.920000076293945,9.029999732971191,36316900,0.0,-1.847826954547782
2020-10-06,9.039999961853027,10.18000030517578,8.899999618530273,9.899999618530272,90864000,0.0,9.634550512581486
2020-10-07,10.039999961853027,10.489999771118164,9.989999771118164,10.0,54672400,0.0,1.01010490225224
2020-10-08,10.289999961853027,10.399999618530272,9.989999771118164,10.0,34989200,0.0,0.0
2020-10-09,10.130000114440918,10.1899995803833,9.890000343322754,9.949999809265137,19653500,0.0,-0.500001907348635
2020-10-12,10.039999961853027,10.050000190734863,9.65999984741211,9.890000343322754,20623600,0.0,-0.60300971952294
2020-10-13,9.880000114440918,9.880000114440918,9.40999984741211,9.470000267028809,21847200,0.0,-4.246714476380264
2020-10-14,9.600000381469728,9.65999984741211,9.289999961853027,9.34000015258789,13652600,0.0,-1.3727572415550229
2020-10-15,9.270000457763672,9.90999984741211,9.18000030517578,9.90999984741211,12924100,0.0,6.102780358802096
2020-10-16,9.9399995803833,9.949999809265137,9.65999984741211,9.710000038146973,11142500,0.0,-2.0181615776448725
2020-10-19,9.789999961853027,9.81999969482422,9.529999732971191,9.56999969482422,9126400,0.0,-1.4418160944669856
2020-10-20,9.600000381469728,9.65999984741211,9.270000457763672,9.270000457763672,11138200,0.0,-3.134788366010055
2020-10-21,9.300000190734863,9.479999542236328,9.199999809265137,9.199999809265137,9190000,0.0,-0.7551310144748635
2020-10-22,9.369999885559082,9.75,9.220000267028809,9.68000030517578,17928600,0.0,5.217396802848251
2020-10-23,9.710000038146973,9.829999923706056,9.470000267028809,9.489999771118164,12618000,0.0,-1.9628153725989692
2020-10-26,9.720000267028809,9.970000267028809,9.600000381469728,9.949999809265137,23767300,0.0,4.847208105809808
2020-10-27,10.0,11.039999961853027,9.920000076293944,10.949999809265137,53695900,0.0,10.050251448938033
2020-10-28,10.65999984741211,10.984999656677246,10.100000381469728,10.850000381469728,30941700,0.0,-0.9132367994271308
2020-10-29,10.899999618530272,11.100000381469728,10.5600004196167,10.75,20515700,0.0,-0.9216624696208542
2020-10-30,10.609999656677246,10.68000030517578,9.850000381469728,10.130000114440918,19705500,0.0,-5.7674407958984375
2020-11-02,10.229999542236328,10.56999969482422,10.229999542236328,10.539999961853027,11677800,0.0,4.047382455876081
2020-11-03,10.56999969482422,10.9399995803833,10.4399995803833,10.5,21652800,0.0,-0.3795062808140126
2020-11-04,10.81999969482422,10.920000076293944,10.550000190734863,10.720000267028809,15783400,0.0,2.095240638369611
2020-11-05,10.899999618530272,12.130000114440918,10.850000381469728,11.880000114440918,48560400,0.0,10.820893829451547
2020-11-06,12.220000267028809,14.960000038146973,12.050000190734863,13.829999923706056,89977600,0.0,16.414139650510485
2020-11-09,14.960000038146973,15.899999618530272,14.109999656677246,14.670000076293944,60099000,0.0,6.07375384831379
2020-11-10,14.989999771118164,15.010000228881836,13.18000030517578,14.0,38078700,0.0,-4.567144327263062
2020-11-11,14.56999969482422,15.970000267028809,14.399999618530272,15.960000038146973,47027900,0.0,14.000000272478385
2020-11-12,16.65999984741211,17.059999465942383,14.40999984741211,14.579999923706056,97904000,0.0,-8.646617237734933
2020-11-13,14.489999771118164,16.0,14.489999771118164,15.800000190734863,76354800,0.0,8.367628761404688
2020-11-16,15.960000038146973,16.100000381469727,15.010000228881836,15.93000030517578,65326000,0.0,0.8227855245036553
2020-11-17,16.290000915527344,18.75,16.18000030517578,17.850000381469727,116618500,0.0,12.052730944833211
2020-11-18,18.280000686645508,19.25,17.540000915527344,17.899999618530273,89957900,0.0,0.280107764661186
2020-11-19,18.5,18.979999542236328,17.959999084472656,18.979999542236328,56225400,0.0,6.0335192554307415
2020-11-20,19.030000686645508,19.65999984741211,18.0,18.149999618530277,72104000,0.0,-4.373023939537246
2020-11-23,18.6299991607666,21.450000762939453,18.56999969482422,21.040000915527344,84716300,0.0,15.92287249442428
2020-11-24,22.350000381469727,24.270000457763672,20.6299991607666,23.81999969482422,115468800,0.0,13.21292137989052
2020-11-25,23.959999084472656,29.75,23.690000534057617,29.049999237060547,202563700,0.0,21.956337570284436
2020-11-27,31.190000534057617,33.5,26.1200008392334,27.65999984741211,207834000,0.0,-4.784851725142714
2020-11-30,28.239999771118164,30.149999618530277,24.11000061035156,27.11000061035156,137243000,0.0,-1.988428199908343
2020-12-01,28.09000015258789,28.13999938964844,24.450000762939453,25.670000076293945,84050000,0.0,-5.311694952554791
2020-12-02,22.239999771118164,23.399999618530277,21.149999618530277,22.51000022888184,149062100,0.0,-12.310088967745449
2020-12-03,23.549999237060547,25.6200008392334,23.5,24.030000686645508,85634300,0.0,6.7525563851990045
2020-12-04,24.8799991607666,25.239999771118164,23.51000022888184,23.850000381469727,56044100,0.0,-0.7490649189861087
2020-12-07,24.440000534057617,29.0,24.440000534057617,28.940000534057617,118463700,0.0,21.341719375998714
2020-12-08,30.6299991607666,31.239999771118164,27.25,28.59000015258789,124754300,0.0,-1.2094000518688142
2020-12-09,28.68000030517578,28.850000381469727,25.32999992370605,26.6299991607666,79634700,0.0,-6.855547328998091
2020-12-10,25.541000366210938,28.040000915527344,25.149999618530277,27.040000915527344,57774800,0.0,1.5396236112721562
2020-12-11,27.149999618530277,28.270000457763672,26.059999465942383,27.200000762939453,52764400,0.0,0.5917153919925866
2020-12-14,28.26000022888184,28.26000022888184,26.729999542236328,27.239999771118164,44734500,0.0,0.1470551730028191
2020-12-15,26.81999969482422,27.100000381469727,25.520000457763672,26.43000030517578,49273200,0.0,-2.973566346359535
2020-12-16,25.709999084472656,26.15999984741211,25.11000061035156,25.920000076293945,44013400,0.0,-1.9296262693646813
2020-12-17,26.520000457763672,27.450000762939453,26.049999237060547,27.229999542236328,53829800,0.0,5.054010270395359
2020-12-18,26.270000457763672,26.850000381469727,25.799999237060547,25.96999931335449,71042900,0.0,-4.627250275665462
2020-12-21,26.190000534057617,28.700000762939453,25.399999618530277,28.51000022888184,76729100,0.0,9.780519763900042
2020-12-22,29.030000686645508,29.420000076293945,26.81999969482422,28.040000915527344,66033100,0.0,-1.648541948724236
2020-12-23,28.950000762939453,29.38999938964844,28.049999237060547,28.690000534057617,58772200,0.0,2.31811553961232
2020-12-24,28.79800033569336,29.15999984741211,27.520000457763672,27.75,26306800,0.0,-3.276404728336457
2020-12-28,28.38999938964844,28.59000015258789,25.399999618530277,25.6299991607666,55878700,0.0,-7.639642663904134
2020-12-29,25.75,26.18199920654297,24.34000015258789,24.65999984741211,47302400,0.0,-3.784624834632566
2020-12-30,24.96999931335449,25.90999984741211,24.6299991607666,25.100000381469727,34586700,0.0,1.784268194566896
2020-12-31,24.6299991607666,24.71999931335449,23.520000457763672,23.549999237060547,39922500,0.0,-6.175303270327759
2021-01-04,23.90999984741211,24.5,22.5,23.3700008392334,44970400,0.0,-0.7643244316708375
2021-01-05,23.18000030517578,24.670000076293945,22.88999938964844,24.600000381469727,29050400,0.0,5.263155746966919
2021-01-06,24.1200008392334,24.459999084472656,23.25,23.540000915527344,32732900,0.0,-4.308940851646659
2021-01-07,24.020000457763672,25.190000534057617,23.670000076293945,25.0,32240000,0.0,6.202204875487571
2021-01-08,25.700000762939453,26.440000534057617,24.700000762939453,25.200000762939453,41313800,0.0,0.8000030517578027
2021-01-11,24.61000061035156,26.600000381469727,24.309999465942383,25.93000030517578,32609000,0.0,2.8968234926004754
2021-01-12,26.34000015258789,26.420000076293945,25.51000022888184,26.18000030517578,26887200,0.0,0.9641341961345696
2021-01-13,25.709999084472656,27.43000030517578,25.1299991607666,25.5,51216600,0.0,-2.5974037328080013
2021-01-14,25.450000762939453,25.6200008392334,24.3700008392334,24.920000076293945,32908000,0.0,-2.274509504729627
2021-01-15,26.26000022888184,28.0,25.459999084472656,25.63999938964844,92285500,0.0,2.889242821629922
2021-01-19,26.809999465942383,27.540000915527344,26.0,26.6200008392334,48675800,0.0,3.822158630708139
2021-01-20,27.290000915527344,27.299999237060547,25.700000762939453,26.34000015258789,37459000,0.0,-1.0518432675360123
2021-01-21,26.420000076293945,26.68000030517578,25.299999237060547,25.979999542236328,29891400,0.0,-1.3667449060974723
2021-01-22,25.850000381469727,32.650001525878906,25.81999969482422,32.58000183105469,156844700,0.0,25.40416630142188
2021-01-25,34.459999084472656,39.58000183105469,29.559999465942383,36.22999954223633,191345300,0.0,11.203184487554353
2021-01-26,35.13999938964844,36.869998931884766,34.31999969482422,35.369998931884766,65870000,0.0,-2.373725148268324
2021-01-27,32.970001220703125,45.0,32.25,39.0,170758800,0.0,10.262938020173127
2021-01-28,39.540000915527344,42.0,33.099998474121094,35.65999984741211,85250700,0.0,-8.564102955353569
2021-01-29,36.61000061035156,38.0099983215332,34.65999984741211,35.18000030517578,42030900,0.0,-1.3460447119748475
2021-02-01,35.33000183105469,35.619998931884766,32.58000183105469,33.959999084472656,43460900,0.0,-3.467882916770848
2021-02-02,34.099998474121094,34.20000076293945,30.5,31.020000457763672,69647900,0.0,-8.657240005796185
2021-02-03,32.38999938964844,32.95000076293945,31.3799991607666,31.76000022888184,35312000,0.0,2.38555693165039
2021-02-04,32.58000183105469,33.18000030517578,31.049999237060547,32.04999923706055,31565000,0.0,0.9130951073325068
2021-02-05,32.61000061035156,35.20000076293945,31.75,34.04999923706055,62375300,0.0,6.240249758531435
2021-02-08,37.220001220703125,39.220001220703125,35.88999938964844,36.04999923706055,72376000,0.0,5.873715256425527
2021-02-09,36.900001525878906,38.255001068115234,36.130001068115234,38.16999816894531,44243200,0.0,5.880718382111194
2021-02-10,38.150001525878906,38.2400016784668,35.0,35.70000076293945,45177200,0.0,-6.471044077794641
2021-02-11,35.790000915527344,35.97999954223633,32.61000061035156,33.11000061035156,52094900,0.0,-7.254902233157923
2021-02-12,33.36000061035156,33.650001525878906,31.34000015258789,31.90999984741211,60925600,0.0,-3.624284931496746
2021-02-16,30.020000457763672,30.440000534057617,27.299999237060547,27.84000015258789,180294300,0.0,-12.754621480057116
2021-02-17,27.989999771118164,29.729999542236328,27.0,27.07999992370605,151007000,0.0,-2.729885864642101
2021-02-18,24.989999771118164,26.309999465942383,24.5,25.170000076293945,313175100,0.0,-7.05317523188056
2021-02-19,27.020000457763672,29.959999084472656,26.899999618530277,29.0,320063700,0.0,15.21652726299867
2021-02-22,29.959999084472656,30.190000534057617,27.535999298095703,28.0,183049500,0.0,-3.4482758620689613
2021-02-23,25.959999084472656,27.459999084472656,23.899999618530277,26.75,145289400,0.0,-4.46428571428571
2021-02-24,26.709999084472656,27.229999542236328,25.75,26.38999938964844,90095700,0.0,-1.3457966742114524
2021-02-25,25.81999969482422,26.440000534057617,23.149999618530277,23.959999084472656,161776400,0.0,-9.208034715335977
2021-02-26,24.200000762939453,24.5,22.700000762939453,23.899999618530277,119588600,0.0,-0.2504151428839862
2021-03-01,25.190000534057617,25.899999618530277,24.6200008392334,24.809999465942383,85059900,0.0,3.807530803082382
2021-03-02,25.0,25.59000015258789,24.26000022888184,24.479999542236328,73997000,0.0,-1.330108548204756
2021-03-03,24.989999771118164,25.167999267578125,23.43000030517578,23.59000015258789,79046200,0.0,-3.635618489750725
2021-03-04,24.850000381469727,25.559999465942383,23.049999237060547,24.729999542236328,161611200,0.0,4.83255354927743
2021-03-05,24.36000061035156,24.68000030517578,20.18000030517578,23.950000762939453,173468600,0.0,-3.154059012272592
2021-03-08,23.770000457763672,24.57999992370605,22.399999618530277,22.520000457763672,94432800,0.0,-5.970773526607076
2021-03-09,23.3799991607666,24.739999771118164,23.100000381469727,24.26000022888184,99586500,0.0,7.726464190715898
2021-03-10,25.030000686645508,26.239999771118164,24.270000457763672,24.75,103212800,0.0,2.019784692890525
2021-03-11,25.950000762939453,26.84000015258789,25.57999992370605,26.729999542236328,84788700,0.0,7.999998150449805
2021-03-12,25.739999771118164,26.920000076293945,25.18000030517578,26.920000076293945,58721900,0.0,0.7108138320668367
2021-03-15,27.350000381469727,27.46999931335449,26.309999465942383,26.790000915527344,56101500,0.0,-0.482909213960514
2021-03-16,26.75,27.100000381469727,25.229999542236328,25.61000061035156,73615100,0.0,-4.404629581374364
2021-03-17,24.520000457763672,25.729999542236328,24.299999237060547,25.209999084472656,77081700,0.0,-1.5618958076761058
2021-03-18,24.729999542236328,25.18000030517578,23.780000686645508,23.979999542236328,57141400,0.0,-4.879014624772083
2021-03-19,24.01000022888184,24.56999969482422,23.38999938964844,24.31999969482422,57915900,0.0,1.4178488702180525
2021-03-22,24.88999938964844,24.920000076293945,23.86000061035156,24.21999931335449,46208100,0.0,-0.4111857842292954
2021-03-23,24.0,24.104999542236328,23.100000381469727,23.26000022888184,50169700,0.0,-3.9636627237364497
2021-03-24,23.299999237060547,23.48500061035156,21.75,21.8799991607666,69271900,0.0,-5.932936605914962
2021-03-25,21.200000762939453,22.799999237060547,21.049999237060547,22.57999992370605,74592600,0.0,3.1992723482121344
2021-03-26,22.6299991607666,23.049999237060547,21.76000022888184,22.57999992370605,57916400,0.0,0.0
2021-03-29,22.479999542236328,22.5,21.38999938964844,21.729999542236328,57647400,0.0,-3.764394970512541
2021-03-30,21.36000061035156,22.09000015258789,20.86000061035156,22.040000915527344,52039700,0.0,1.4266055214979143
2021-03-31,22.5,23.850000381469727,22.3799991607666,23.290000915527344,61458500,0.0,5.671506116496428
2021-04-01,23.950000762939453,23.950000762939453,22.729999542236328,23.06999969482422,51788800,0.0,-0.9446166253967436
2021-04-05,23.780000686645508,24.450000762939453,23.34000015258789,23.440000534057617,65374300,0.0,1.6038181366617277
2021-04-06,23.549999237060547,23.61000061035156,22.82999992370605,23.270000457763672,41933500,0.0,-0.7252562816581043
2021-04-07,23.0,23.549999237060547,22.809999465942383,22.899999618530277,32766200,0.0,-1.5900336568749562
2021-04-08,23.200000762939453,23.600000381469727,22.739999771118164,23.40999984741211,35905500,0.0,2.227075272390633
2021-04-09,23.459999084472656,24.350000381469727,23.3700008392334,24.040000915527344,54082700,0.0,2.6911622051329465
2021-04-12,24.520000457763672,24.549999237060547,22.729999542236328,23.34000015258789,68620800,0.0,-2.911816706659631
2021-04-13,23.190000534057617,25.65900039672852,23.1200008392334,25.420000076293945,83913500,0.0,8.911739117856987
2021-04-14,25.350000381469727,26.200000762939453,23.649999618530277,23.700000762939453,108793800,0.0,-6.766323006263564
2021-04-15,24.01000022888184,24.059999465942383,22.690000534057617,23.149999618530277,58849300,0.0,-2.320679859509689
2021-04-16,22.86000061035156,23.26000022888184,22.299999237060547,22.46999931335449,46627700,0.0,-2.937366377455486
2021-04-19,22.149999618530277,22.32999992370605,21.530000686645508,21.940000534057617,45753900,0.0,-2.3586951290286984
2021-04-20,21.959999084472656,22.549999237060547,21.239999771118164,21.780000686645508,47123100,0.0,-0.7292609093775604
2021-04-21,21.649999618530277,22.63999938964844,21.43000030517578,22.6299991607666,42641400,0.0,3.9026558646633625
2021-04-22,22.940000534057617,23.51000022888184,22.51000022888184,22.86000061035156,51346400,0.0,1.0163564211867593
2021-04-23,22.88999938964844,23.549999237060547,22.739999771118164,23.40999984741211,32052800,0.0,2.4059458546623835
2021-04-26,23.690000534057617,24.26000022888184,23.459999084472656,24.11000061035156,33667600,0.0,2.9901784173520074
2021-04-27,24.170000076293945,24.26000022888184,23.56999969482422,23.8799991607666,27678300,0.0,-0.9539670002588484
2021-04-28,23.670000076293945,24.170000076293945,23.420000076293945,23.850000381469727,22068100,0.0,-0.1256230332962515
2021-04-29,23.8700008392334,24.13999938964844,22.809999465942383,23.3700008392334,36770100,0.0,-2.0125766648174337
2021-04-30,23.18000030517578,23.549999237060547,22.84000015258789,23.040000915527344,24717300,0.0,-1.4120663750771143
2021-05-03,23.01000022888184,23.07999992370605,22.209999084472656,22.299999237060547,33934400,0.0,-3.2118127129417195
2021-05-04,21.940000534057617,22.200000762939453,20.8700008392334,21.63999938964844,63429600,0.0,-2.959640672611552
2021-05-05,21.809999465942383,21.940000534057617,20.96999931335449,21.149999618530277,39134700,0.0,-2.264324329660361
2021-05-06,21.020000457763672,21.020000457763672,19.40999984741211,20.09000015258789,92201100,0.0,-5.011817896269266
2021-05-07,20.299999237060547,20.75,19.57999992370605,19.75,63725500,0.0,-1.692385017449061
2021-05-10,19.280000686645508,19.299999237060547,18.18000030517578,18.46999931335449,104670500,0.0,-6.481016134913964
2021-05-11,17.200000762939453,20.299999237060547,17.05500030517578,20.209999084472656,203230500,0.0,9.420681298347857
2021-05-12,20.0,20.0,18.51000022888184,18.88999938964844,128281500,0.0,-6.531418874919071
2021-05-13,19.13999938964844,19.46999931335449,17.81999969482422,18.3700008392334,87811600,0.0,-2.752771663401932
2021-05-14,18.81999969482422,20.200000762939453,18.530000686645508,20.07999992370605,79409500,0.0,9.308650007356324
2021-05-17,19.729999542236328,20.489999771118164,19.6299991607666,20.459999084472656,50039600,0.0,1.8924261066255443
2021-05-18,20.520000457763672,21.6200008392334,20.26000022888184,21.239999771118164,59672400,0.0,3.812320242171752
2021-05-19,20.100000381469727,21.03499984741211,19.940000534057617,20.670000076293945,45314000,0.0,-2.683614411330149
2021-05-20,20.75,20.809999465942383,20.280000686645508,20.61000061035156,46302400,0.0,-0.2902731771694311
2021-05-21,20.84000015258789,21.15999984741211,20.46999931335449,20.75,35372900,0.0,0.6792789204388638
2021-05-24,21.059999465942383,21.520000457763672,20.674999237060547,21.21999931335449,46596800,0.0,2.26505693182888
2021-05-25,21.420000076293945,22.11000061035156,21.280000686645508,21.479999542236328,49890800,0.0,1.2252603077051338
2021-05-26,21.57999992370605,22.239999771118164,21.489999771118164,22.1200008392334,42958300,0.0,2.979521930336304
2021-05-27,22.01000022888184,22.700000762939453,21.649999618530277,22.700000762939453,76230500,0.0,2.622061038430568
2021-05-28,23.0,24.75,22.76000022888184,22.950000762939453,111846000,0.0,1.1013215488880237
2021-06-01,23.190000534057617,23.350000381469727,22.36000061035156,23.059999465942383,52695500,0.0,0.4792971649071109
2021-06-02,23.020000457763672,24.84000015258789,22.81999969482422,24.450000762939453,86473200,0.0,6.027759450081427
2021-06-03,24.13999938964844,24.26000022888184,23.34000015258789,23.6299991607666,48164200,0.0,-3.353789679286168
2021-06-04,23.709999084472656,24.489999771118164,23.5,24.030000686645508,42537600,0.0,1.6927699538095586
2021-06-07,24.0,24.76000022888184,23.790000915527344,24.459999084472656,49641000,0.0,1.7894231607996414
2021-06-08,24.850000381469727,25.229999542236328,23.93000030517578,24.3799991607666,53488600,0.0,-0.3270642955863323
2021-06-09,24.450000762939453,24.739999771118164,24.170000076293945,24.170000076293945,36006200,0.0,-0.8613580463554538
2021-06-10,24.0,24.38999938964844,23.440000534057617,24.13999938964844,35482900,0.0,-0.1241236514307408
2021-06-11,24.1200008392334,24.709999084472656,24.030000686645508,24.670000076293945,33113100,0.0,2.195528997704854
2021-06-14,24.729999542236328,25.149999618530277,24.46999931335449,25.0,51801500,0.0,1.33765675997366
2021-06-15,25.030000686645508,25.549999237060547,24.38999938964844,24.40999984741211,46693200,0.0,-2.3600006103515647
2021-06-16,24.09000015258789,24.940000534057617,23.86000061035156,24.799999237060547,58452600,0.0,1.5977033678260533
2021-06-17,24.68000030517578,25.459999084472656,24.549999237060547,25.450000762939453,64408400,0.0,2.620973975303831
2021-06-18,25.59000015258789,25.940000534057617,25.020000457763672,25.3700008392334,65852600,0.0,-0.3143415375552849
2021-06-21,25.100000381469727,25.549999237060547,24.51000022888184,25.420000076293945,54805000,0.0,0.1970801553274892
2021-06-22,25.38999938964844,25.520000457763672,24.959999084472656,25.399999618530277,46171100,0.0,-0.078680006701981
2021-06-23,25.459999084472656,26.350000381469727,25.34000015258789,26.270000457763672,53362200,0.0,3.4252002059035336
2021-06-24,26.489999771118164,26.709999084472656,26.170000076293945,26.530000686645508,48419400,0.0,0.9897229705033928
2021-06-25,26.57999992370605,27.01000022888184,26.2450008392334,26.780000686645508,140832700,0.0,0.9423294139824234
2021-06-28,26.979999542236328,27.5,26.86000061035156,27.3799991607666,42184600,0.0,2.240472213356948
2021-06-29,27.3799991607666,27.440000534057617,26.440000534057617,26.6299991607666,38478900,0.0,-2.7392257961595945
2021-06-30,26.479999542236328,26.920000076293945,26.209999084472656,26.36000061035156,28957100,0.0,-1.0138886929175084
2021-07-01,26.100000381469727,26.1299991607666,24.59000015258789,24.71999931335449,55429800,0.0,-6.221552575962541
2021-07-02,25.0,25.34000015258789,24.32999992370605,24.440000534057617,29389500,0.0,-1.132681177485351
2021-07-06,24.600000381469727,25.200000762939453,24.46999931335449,24.68000030517578,28764500,0.0,0.9819957687141612
2021-07-07,24.229999542236328,24.26000022888184,22.71999931335449,22.88999938964844,66937300,0.0,-7.252839924608723
2021-07-08,22.43000030517578,23.209999084472656,22.25,23.07999992370605,34612600,0.0,0.8300591486408715
2021-07-09,22.959999084472656,23.38999938964844,22.76000022888184,23.290000915527344,22492400,0.0,0.9098829831692968
2021-07-12,23.26000022888184,23.4950008392334,22.8799991607666,22.950000762939453,23457200,0.0,-1.4598546123766545
2021-07-13,22.979999542236328,22.989999771118164,22.420000076293945,22.450000762939453,24748800,0.0,-2.178649165046731
2021-07-14,22.489999771118164,22.6200008392334,21.51000022888184,21.559999465942383,33796200,0.0,-3.964370898669578
2021-07-15,21.71999931335449,22.05500030517578,21.01000022888184,21.46999931335449,31871000,0.0,-0.4174404212303528
2021-07-16,21.600000381469727,21.709999084472656,21.239999771118164,21.3700008392334,19503100,0.0,-0.4657590932427013
2021-07-19,20.96999931335449,21.690000534057617,20.549999237060547,21.540000915527344,30314400,0.0,0.7955080468777576
2021-07-20,21.6299991607666,22.350000381469727,21.21999931335449,22.18000030517578,22954000,0.0,2.971213381829929
2021-07-21,22.270000457763672,22.68000030517578,22.1200008392334,22.520000457763672,20437300,0.0,1.5329132006754342
2021-07-22,22.549999237060547,22.670000076293945,21.8799991607666,22.06999969482422,17468900,0.0,-1.998227148278397
2021-07-23,22.01000022888184,22.07999992370605,21.51000022888184,21.809999465942383,17653300,0.0,-1.1780708313412935
2021-07-26,21.799999237060547,22.299999237060547,21.479999542236328,22.1299991607666,16267900,0.0,1.4672155096744357
2021-07-27,21.959999084472656,22.11000061035156,21.09000015258789,21.68000030517578,23078700,0.0,-2.033433676710683
2021-07-28,21.75,22.614999771118164,21.690000534057617,22.559999465942383,25073600,0.0,4.059036662266635
2021-07-29,22.780000686645508,22.850000381469727,22.13999938964844,22.18000030517578,19219100,0.0,-1.684393482988622
2021-07-30,21.850000381469727,22.4060001373291,21.709999084472656,21.709999084472656,15889200,0.0,-2.119031624149481
2021-08-02,21.90999984741211,22.3700008392334,21.479999542236328,22.100000381469727,21372900,0.0,1.7964132355767992
2021-08-03,22.030000686645508,22.270000457763672,21.709999084472656,22.239999771118164,17040100,0.0,0.633481390189572
2021-08-04,22.200000762939453,22.540000915527344,22.06999969482422,22.299999237060547,15537400,0.0,0.2697817741001085
2021-08-05,22.21999931335449,22.770000457763672,22.020000457763672,22.520000457763672,18575200,0.0,0.9865525929593
2021-08-06,22.63999938964844,22.690000534057617,21.790000915527344,21.81999969482422,24200700,0.0,-3.1083514596383144
2021-08-09,21.850000381469727,23.280000686645508,21.799999237060547,22.93000030517578,35611100,0.0,5.087078945353318
2021-08-10,23.01000022888184,23.520000457763672,22.780000686645508,22.920000076293945,25947900,0.0,-0.0436119875653839
2021-08-11,23.06999969482422,23.190000534057617,22.09000015258789,22.350000381469727,34679000,0.0,-2.486909655003744
2021-08-12,24.450000762939453,25.76000022888184,23.584999084472656,24.88999938964844,189287200,0.0,11.364648612196948
2021-08-13,25.0,25.100000381469727,24.309999465942383,24.899999618530277,52395100,0.0,0.0401776983811164
2021-08-16,24.899999618530277,24.899999618530277,23.770000457763672,24.5,45907300,0.0,-1.6064241954148462
2021-08-17,23.899999618530277,24.59000015258789,23.739999771118164,23.96999931335449,35348300,0.0,-2.163268108757177
2021-08-18,24.06999969482422,25.940000534057617,23.68000030517578,25.280000686645508,92065600,0.0,5.465170675082876
2021-08-19,25.01000022888184,25.63999938964844,24.13999938964844,24.15999984741211,67605600,0.0,-4.430382946251477
2021-08-20,24.21999931335449,24.479999542236328,23.65999984741211,24.01000022888184,52062300,0.0,-0.620859352142511
2021-08-23,24.020000457763672,24.93000030517578,23.899999618530277,24.81999969482422,35705300,0.0,3.3735920792205
2021-08-24,25.0,25.350000381469727,24.76000022888184,25.100000381469727,37227400,0.0,1.1281252622412197
2021-08-25,25.1200008392334,25.190000534057617,24.06999969482422,24.350000381469727,54678500,0.0,-2.988047763352597
2021-08-26,24.399999618530277,25.40999984741211,24.36000061035156,24.8700008392334,46179400,0.0,2.135525460440601
2021-08-27,25.049999237060547,26.09000015258789,24.90999984741211,25.709999084472656,52268500,0.0,3.3775561596046666
2021-08-30,25.739999771118164,26.600000381469727,25.6200008392334,25.76000022888184,44139300,0.0,0.1944813154014291
2021-08-31,25.790000915527344,26.36000061035156,25.65999984741211,26.34000015258789,93168600,0.0,2.2515524788534917
2021-09-01,26.459999084472656,26.51000022888184,26.030000686645508,26.200000762939453,34417200,0.0,-0.5315086895877785
2021-09-02,26.209999084472656,26.8700008392334,26.09000015258789,26.51000022888184,38460100,0.0,1.183204034027674
2021-09-03,26.489999771118164,26.75,26.21999931335449,26.63999938964844,26609500,0.0,0.4903778183485974
2021-09-07,26.790000915527344,26.8799991607666,26.270000457763672,26.700000762939453,35835100,0.0,0.2252303853818027
2021-09-08,26.600000381469727,26.61000061035156,24.959999084472656,25.57999992370605,54394400,0.0,-4.194759577640161
2021-09-09,25.38999938964844,26.239999771118164,25.290000915527344,26.1299991607666,34190800,0.0,2.150114302974804
2021-09-10,26.18000030517578,26.729999542236328,26.170000076293945,26.280000686645508,37307800,0.0,0.5740586708633755
2021-09-13,26.149999618530277,26.23900032043457,25.030000686645508,25.82999992370605,42372300,0.0,-1.7123316255015395
2021-09-14,25.96999931335449,26.700000762939453,25.899999618530277,26.26000022888184,34569000,0.0,1.664732119418777
2021-09-15,26.299999237060547,27.149999618530277,26.030000686645508,27.07999992370605,49555500,0.0,3.122618764954721
2021-09-16,27.200000762939453,28.790000915527344,27.020000457763672,28.6299991607666,109992000,0.0,5.723778587250528
2021-09-17,28.65999984741211,29.290000915527344,28.06999969482422,28.709999084472656,182052600,0.0,0.2794269160010465
2021-09-20,27.56999969482422,28.100000381469727,26.059999465942383,26.549999237060547,89413500,0.0,-7.523510680222589
2021-09-21,26.88999938964844,27.14900016784668,26.07999992370605,26.6200008392334,50933600,0.0,0.2636595261183316
2021-09-22,26.61000061035156,27.770000457763672,26.582000732421875,27.43000030517578,44308100,0.0,3.0428228414951075
2021-09-23,27.709999084472656,29.190000534057617,27.670000076293945,28.770000457763672,60028600,0.0,4.885162733064363
2021-09-24,28.270000457763672,28.76000022888184,27.900999069213867,28.559999465942383,40309700,0.0,-0.7299304431002129
2021-09-27,28.229999542236328,28.3799991607666,27.229999542236328,27.46999931335449,44102800,0.0,-3.816527216282717
2021-09-28,27.020000457763672,27.1299991607666,25.209999084472656,25.34000015258789,64206200,0.0,-7.753910498756755
2021-09-29,25.61000061035156,25.700000762939453,24.420000076293945,24.520000457763672,46164500,0.0,-3.235989304997988
2021-09-30,24.690000534057617,25.049999237060547,23.8799991607666,24.040000915527344,59505600,0.0,-1.957583740926672
2021-10-01,24.209999084472656,24.36000061035156,23.71999931335449,24.32999992370605,32778000,0.0,1.206318623687741
2021-10-04,24.01000022888184,24.049999237060547,23.020000457763672,23.170000076293945,46789700,0.0,-4.767775795518425
2021-10-05,23.209999084472656,23.8799991607666,23.06999969482422,23.209999084472656,56574800,0.0,0.1726327494475654
2021-10-06,24.90999984741211,25.01000022888184,23.350000381469727,23.57999992370605,125175700,0.0,1.5941441354081265
2021-10-07,23.709999084472656,24.1299991607666,23.540000915527344,23.729999542236328,38873700,0.0,0.6361306998117211
2021-10-08,23.86000061035156,24.09600067138672,23.11000061035156,23.5,39713400,0.0,-0.9692353420696852
2021-10-11,23.26000022888184,23.979999542236328,23.26000022888184,23.530000686645508,23971700,0.0,0.1276624963638672
2021-10-12,23.549999237060547,23.809999465942383,23.290000915527344,23.690000534057617,26280000,0.0,0.6799823320996268
2021-10-13,23.82999992370605,24.309999465942383,23.790000915527344,24.1299991607666,28494000,0.0,1.857317926508384
2021-10-14,24.43000030517578,24.709999084472656,24.20499992370605,24.350000381469727,26106700,0.0,0.9117332298163916
2021-10-15,24.5,24.520000457763672,23.82999992370605,24.0,24366100,0.0,-1.4373732073371004
2021-10-18,24.0,24.38999938964844,23.920000076293945,24.26000022888184,25609900,0.0,1.0833342870076423
2021-10-19,24.5,25.200000762939453,24.36000061035156,24.690000534057617,29393900,0.0,1.7724662041175954
2021-10-20,24.790000915527344,24.959999084472656,24.170000076293945,24.21999931335449,24248000,0.0,-1.9036096012019168
2021-10-21,24.1299991607666,24.93000030517578,24.07999992370605,24.780000686645508,23976600,0.0,2.3121444639440547
2021-10-22,24.489999771118164,24.850000381469727,24.25,24.43000030517578,20166800,0.0,-1.4124308788189377
2021-10-25,24.5,25.540000915527344,24.479999542236328,25.40999984741211,33962100,0.0,4.011459394164252
2021-10-26,25.989999771118164,26.75,25.25,25.520000457763672,56767000,0.0,0.4329028375132715
2021-10-27,25.63999938964844,25.899999618530277,25.020000457763672,25.059999465942383,24157200,0.0,-1.8025116911051908
2021-10-28,25.299999237060547,25.795000076293945,25.1200008392334,25.63999938964844,21203000,0.0,2.3144450760834934
2021-10-29,25.5,26.1200008392334,25.450000762939453,25.8799991607666,21910300,0.0,0.9360365711048368
2021-11-01,26.11000061035156,26.645000457763672,25.882999420166016,26.559999465942383,26684700,0.0,2.627512856363001
2021-11-02,26.559999465942383,26.71999931335449,25.55500030517578,25.920000076293945,30794600,0.0,-2.409636304658447
2021-11-03,25.88999938964844,26.23500061035156,25.170000076293945,26.1200008392334,25244200,0.0,0.7716078794396619
2021-11-04,26.26000022888184,26.56999969482422,25.8700008392334,26.46999931335449,25029700,0.0,1.3399634872728772
2021-11-05,26.450000762939453,26.6299991607666,25.71999931335449,26.0,26005000,0.0,-1.7755924652305133
2021-11-08,26.25,27.11000061035156,26.1200008392334,26.75,41359600,0.0,2.8846153846153744
2021-11-09,25.899999618530277,25.979999542236328,23.950000762939453,24.25,117540200,0.0,-9.345794392523366
2021-11-10,23.600000381469727,23.63999938964844,22.1200008392334,22.520000457763672,94860100,0.0,-7.13401873087146
2021-11-11,23.040000915527344,23.1299991607666,22.665000915527344,22.989999771118164,43381500,0.0,2.0870306563091745
2021-11-12,23.020000457763672,23.225000381469727,22.3799991607666,22.82999992370605,53516200,0.0,-0.6959541061549501
2021-11-15,23.0,23.520000457763672,22.950000762939453,23.40999984741211,33225700,0.0,2.5405165380828487
2021-11-16,23.290000915527344,23.290000915527344,22.61000061035156,23.1299991607666,31574800,0.0,-1.1960729964569428
2021-11-17,23.049999237060547,23.2189998626709,22.399999618530277,22.489999771118164,27994100,0.0,-2.76696676554149
2021-11-18,22.5,22.549999237060547,21.34199905395508,21.5,51039900,0.0,-4.401955452171813
2021-11-19,21.600000381469727,21.959999084472656,21.299999237060547,21.40999984741211,30013100,0.0,-0.4186053608739137
2021-11-22,21.530000686645508,21.56999969482422,20.18000030517578,20.649999618530277,59899100,0.0,-3.549744205036509
2021-11-23,20.59000015258789,21.049999237060547,20.049999237060547,20.59000015258789,44588000,0.0,-0.2905543198584048
2021-11-24,20.350000381469727,21.200000762939453,20.059999465942383,21.11000061035156,35233900,0.0,2.5255000189901238
2021-11-26,20.40999984741211,21.09000015258789,20.349000930786133,21.030000686645508,20691200,0.0,-0.3789669417007313
2021-11-29,21.190000534057617,21.399999618530277,20.559999465942383,21.06999969482422,29114000,0.0,0.1901997473738204
2021-11-30,20.950000762939453,21.25,20.11000061035156,20.649999618530277,38196400,0.0,-1.993355872696656
2021-12-01,20.530000686645508,20.88999938964844,19.290000915527344,19.3799991607666,48283700,0.0,-6.150123395760443
2021-12-02,19.299999237060547,19.90999984741211,19.059999465942383,19.690000534057617,45802900,0.0,1.5995943586963213
2021-12-03,19.5,19.530000686645508,18.399999618530277,18.979999542236328,56039600,0.0,-3.605896254767527
2021-12-06,18.540000915527344,18.96999931335449,18.075000762939453,18.799999237060547,56459800,0.0,-0.9483683325451352
2021-12-07,19.26000022888184,19.854999542236328,19.06999969482422,19.459999084472656,35129000,0.0,3.5106376287029173
2021-12-08,19.51000022888184,19.825000762939453,19.030000686645508,19.81999969482422,28425900,0.0,1.849951836014263
2021-12-09,19.950000762939453,20.149999618530277,19.040000915527344,19.209999084472656,30354700,0.0,-3.077702420504369
2021-12-10,19.280000686645508,19.57999992370605,18.700000762939453,18.940000534057617,27594500,0.0,-1.405510480389749
2021-12-13,18.799999237060547,19.075000762939453,18.170000076293945,18.399999618530277,38376000,0.0,-2.851113517955406
2021-12-14,18.0,18.858999252319336,17.90999984741211,18.63999938964844,38864800,0.0,1.3043466092057088
2021-12-15,18.3700008392334,18.940000534057617,17.9950008392334,18.86000061035156,39361900,0.0,1.180264098212902
2021-12-16,18.959999084472656,19.1200008392334,18.149999618530277,18.34000015258789,33950000,0.0,-2.757160344301701
2021-12-17,18.030000686645508,19.100000381469727,17.809999465942383,19.059999465942383,44495200,0.0,3.9258413705786976
2021-12-20,18.59000015258789,18.670000076293945,17.834999084472656,17.959999084472656,42265900,0.0,-5.771250851477083
2021-12-21,18.15999984741211,18.979999542236328,18.100000381469727,18.899999618530277,33878600,0.0,5.23385624707684
2021-12-22,18.649999618530277,19.450000762939453,18.649999618530277,18.8799991607666,33894200,0.0,-0.1058225299859882
2021-12-23,18.850000381469727,19.13500022888184,18.71999931335449,18.93000030517578,24758300,0.0,0.2648365817361053
2021-12-27,18.780000686645508,19.25,18.780000686645508,18.940000534057617,21782000,0.0,0.0528274100402459
2021-12-28,18.88999938964844,19.06999969482422,18.440000534057617,18.56999969482422,20518800,0.0,-1.9535418627262933
2021-12-29,18.530000686645508,18.600000381469727,17.90999984741211,18.170000076293945,28217500,0.0,-2.1540098282379683
2021-12-30,18.100000381469727,18.9950008392334,18.06999969482422,18.690000534057617,29285200,0.0,2.861862716457031
2021-12-31,18.61000061035156,18.920000076293945,18.209999084472656,18.209999084472656,23556000,0.0,-2.568225981108374
2022-01-03,18.36000061035156,18.569000244140625,17.860000610351562,18.530000686645508,34283600,0.0,1.7572851085188246
2022-01-04,18.61000061035156,18.84000015258789,17.790000915527344,18.170000076293945,39643200,0.0,-1.9427986886747075
2022-01-05,18.030000686645508,18.56800079345703,16.8700008392334,16.959999084472656,58445900,0.0,-6.659333994169625
2022-01-06,16.8700008392334,17.18000030517578,16.05500030517578,16.739999771118164,49737100,0.0,-1.2971658327264102
2022-01-07,16.700000762939453,17.329999923706055,16.475000381469727,16.559999465942383,37989300,0.0,-1.075270654939553
2022-01-10,16.190000534057617,16.56999969482422,15.350000381469728,16.5,77649400,0.0,-0.3623156272787309
2022-01-11,16.399999618530273,17.25,16.31999969482422,16.889999389648438,47442600,0.0,2.363632664535986
2022-01-12,17.15999984741211,17.459999084472656,16.399999618530273,16.719999313354492,39784200,0.0,-1.0065132175086755
2022-01-13,16.799999237060547,16.81999969482422,15.9399995803833,16.010000228881836,35492200,0.0,-4.246406182000085
2022-01-14,15.9399995803833,16.249000549316406,15.619999885559082,16.010000228881836,35624900,0.0,0.0
2022-01-18,15.449999809265137,15.75,14.920000076293944,14.970000267028809,49067700,0.0,-6.495939706339793
2022-01-19,14.899999618530272,15.25,14.539999961853027,14.5600004196167,48049100,0.0,-2.7388098870988475
2022-01-20,14.890000343322754,15.550000190734863,14.56999969482422,14.619999885559082,44690400,0.0,0.4120842322335782
2022-01-21,14.25,14.477999687194824,13.5,13.529999732971191,73031300,0.0,-7.455541457729686
2022-01-24,12.789999961853027,13.40999984741211,11.75,13.399999618530272,110518900,0.0,-0.9608286548899336
2022-01-25,13.119999885559082,13.600000381469728,12.829999923706056,13.0600004196167,47456600,0.0,-2.537307526810706
2022-01-26,13.600000381469728,13.81999969482422,12.68000030517578,12.75,69949700,0.0,-2.373663167353845
2022-01-27,13.010000228881836,13.0600004196167,12.199999809265137,12.279999732971191,52622900,0.0,-3.68627660414752
2022-01-28,12.300000190734863,12.880000114440918,11.890000343322754,12.710000038146973,54887500,0.0,3.501631225782953
2022-01-31,12.770000457763672,13.739999771118164,12.760000228881836,13.710000038146973,51039300,0.0,7.867820590076047
2022-02-01,14.229999542236328,14.369999885559082,13.5600004196167,14.199999809265137,69012900,0.0,3.57403187275549
2022-02-02,14.09000015258789,14.199999809265137,13.1899995803833,13.31999969482422,47204300,0.0,-6.1971839877542845
2022-02-03,12.949999809265137,13.31999969482422,12.420000076293944,12.449999809265137,47236900,0.0,-6.5315308220100015
2022-02-04,12.470000267028809,13.09000015258789,12.265000343322754,12.9399995803833,38989200,0.0,3.9357411937750655
2022-02-07,13.024999618530272,13.600000381469728,12.9399995803833,12.979999542236328,45646100,0.0,0.3091187260443773
2022-02-08,12.75,13.189000129699709,12.619999885559082,13.149999618530272,30317100,0.0,1.3097078758806724
2022-02-09,13.289999961853027,13.890000343322754,13.260000228881836,13.869999885559082,34451900,0.0,5.475287360573167
2022-02-10,13.5,14.164999961853027,13.369999885559082,13.5600004196167,41998200,0.0,-2.235035821919096
2022-02-11,13.449999809265137,13.920000076293944,12.970000267028809,13.130000114440918,41831600,0.0,-3.171093597856512
2022-02-14,13.100000381469728,13.795000076293944,12.979999542236328,13.260000228881836,40617900,0.0,0.990099872870065
2022-02-15,13.520000457763672,14.1850004196167,13.40999984741211,14.170000076293944,48523700,0.0,6.8627438288426434
2022-02-16,13.90999984741211,14.260000228881836,13.65999984741211,13.970000267028809,58624400,0.0,-1.4114312504467152
2022-02-17,12.390000343322754,12.699999809265137,11.699999809265137,11.770000457763672,151385400,0.0,-15.74802982973057
2022-02-18,11.920000076293944,12.010000228881836,10.56999969482422,11.020000457763672,137808100,0.0,-6.372132292529253
2022-02-22,10.699999809265137,11.1850004196167,10.300000190734863,10.479999542236328,104501500,0.0,-4.900189592523196
2022-02-23,10.829999923706056,11.260000228881836,10.399999618530272,10.43000030517578,93964500,0.0,-0.477091977523858
2022-02-24,9.75,11.869999885559082,9.739999771118164,11.829999923706056,118793000,0.0,13.422814741774625
2022-02-25,11.59000015258789,11.890000343322754,11.0,11.470000267028809,75433700,0.0,-3.0431078529074678
2022-02-28,11.960000038146973,12.18000030517578,11.390000343322754,11.850000381469728,75390500,0.0,3.3129913303773018
2022-03-01,11.989999771118164,12.520000457763672,11.710000038146973,12.18000030517578,64867200,0.0,2.784809393104215
2022-03-02,12.210000038146973,12.210000038146973,11.420000076293944,12.0600004196167,56698300,0.0,-0.9852207106110566
2022-03-03,12.010000228881836,12.05500030517578,11.234999656677246,11.34000015258789,46172000,0.0,-5.970151260174605
2022-03-04,11.699999809265137,11.770000457763672,10.739999771118164,10.960000038146973,43502200,0.0,-3.35097098172612
2022-03-07,11.43000030517578,11.75,11.100000381469728,11.109999656677246,63070600,0.0,1.3686096533594094
2022-03-08,10.93000030517578,11.390000343322754,10.718999862670898,11.039999961853027,49279600,0.0,-0.6300602789141241
2022-03-09,11.40999984741211,12.020000457763672,11.270000457763672,11.649999618530272,43591400,0.0,5.525359228125026
2022-03-10,11.380000114440918,11.970000267028809,11.31999969482422,11.869999885559082,52295400,0.0,1.8884143710947487
2022-03-11,11.859999656677246,12.005000114440918,11.369999885559082,11.390000343322754,37817400,0.0,-4.043804101635173
2022-03-14,11.170000076293944,11.40999984741211,10.40999984741211,10.5,49762600,0.0,-7.813874596101355
2022-03-15,10.470000267028809,10.850000381469728,10.270000457763672,10.770000457763672,40451200,0.0,2.571432931082596
2022-03-16,10.949999809265137,11.81999969482422,10.9399995803833,11.789999961853027,62746600,0.0,9.470747082040075
2022-03-17,11.720000267028809,12.369999885559082,11.65999984741211,12.31999969482422,43948900,0.0,4.495332779355588
2022-03-18,12.279999732971191,13.020000457763672,12.21500015258789,12.81999969482422,59125500,0.0,4.058441658972245
2022-03-21,12.720000267028809,13.050000190734863,12.420000076293944,12.59000015258789,39410900,0.0,-1.7940682348782322
2022-03-22,12.520000457763672,13.479999542236328,12.520000457763672,13.270000457763672,46210700,0.0,5.40111435213928
2022-03-23,13.15999984741211,13.550000190734863,13.020000457763672,13.18000030517578,33699400,0.0,-0.6782226788487833
2022-03-24,13.25,13.420000076293944,12.829999923706056,13.390000343322754,29535300,0.0,1.5933234695336471
2022-03-25,13.359999656677246,13.395000457763672,12.710000038146973,12.970000267028809,24796900,0.0,-3.1366696454447007
2022-03-28,13.010000228881836,13.4399995803833,12.854999542236328,13.420000076293944,27152000,0.0,3.4695435620698323
2022-03-29,13.649999618530272,14.279999732971191,13.350000381469728,14.199999809265137,46433700,0.0,5.812218543493453
2022-03-30,14.039999961853027,14.359999656677246,13.739999771118164,13.880000114440918,32164000,0.0,-2.2535190079046807
2022-03-31,13.899999618530272,14.0600004196167,13.630000114440918,13.729999542236328,22840000,0.0,-1.0806957562523922
2022-04-01,13.770000457763672,14.0649995803833,13.5,13.829999923706056,23831600,0.0,0.7283349220959856
2022-04-04,14.029999732971191,14.65999984741211,14.020000457763672,14.630000114440918,40066800,0.0,5.7845278029508895
2022-04-05,14.609999656677246,14.859999656677246,13.795000076293944,13.890000343322754,37677300,0.0,-5.058098190906557
2022-04-06,13.520000457763672,13.539999961853027,12.850000381469728,13.0,40647700,0.0,-6.407489714358416
2022-04-07,12.949999809265137,13.34000015258789,12.479999542236328,12.84000015258789,34727400,0.0,-1.2307680570162294
2022-04-08,12.699999809265137,13.050000190734863,12.56999969482422,12.699999809265137,24962500,0.0,-1.090345340023513
2022-04-11,12.449999809265137,12.81999969482422,12.130000114440918,12.65999984741211,26095800,0.0,-0.314960334281622
2022-04-12,12.880000114440918,13.199999809265137,12.425000190734863,12.460000038146973,26226500,0.0,-1.5797773434098383
2022-04-13,12.350000381469728,12.9399995803833,12.230999946594238,12.899999618530272,21152900,0.0,3.5312967819921104
2022-04-14,12.920000076293944,12.920000076293944,12.40999984741211,12.420000076293944,23284100,0.0,-3.720926794035173
2022-04-18,12.350000381469728,12.414999961853027,11.880000114440918,12.149999618530272,25395600,0.0,-2.1739167158221
2022-04-19,12.079999923706056,13.020000457763672,12.06999969482422,12.90999984741211,31753900,0.0,6.255146113113774
2022-04-20,13.079999923706056,13.170000076293944,12.739999771118164,12.789999961853027,31528600,0.0,-0.929511130731242
2022-04-21,13.020000457763672,13.329999923706056,12.225000381469728,12.329999923706056,32009000,0.0,-3.5965601213366005
2022-04-22,12.329999923706056,12.729999542236328,11.859999656677246,11.960000038146973,30386100,0.0,-3.000810120425945
2022-04-25,11.829999923706056,12.15999984741211,11.68000030517578,12.109999656677246,31727600,0.0,1.254177408460233
2022-04-26,11.9399995803833,12.050000190734863,11.100000381469728,11.119999885559082,38666500,0.0,-8.175060274029777
2022-04-27,11.010000228881836,11.19499969482422,10.529999732971191,10.5600004196167,54508500,0.0,-5.035966472172559
2022-04-28,10.6899995803833,11.045000076293944,10.369999885559082,10.949999809265137,40074500,0.0,3.693175891583844
2022-04-29,10.899999618530272,11.229999542236328,10.359999656677246,10.399999618530272,30937500,0.0,-5.022832879590478
2022-05-02,10.380000114440918,10.755000114440918,10.18000030517578,10.739999771118164,41193800,0.0,3.26923235633676
2022-05-03,10.6899995803833,10.979999542236328,10.4399995803833,10.550000190734863,31372700,0.0,-1.769083653933068
2022-05-04,10.529999732971191,11.010000228881836,10.079999923706056,10.979999542236328,43239900,0.0,4.075823163293357
2022-05-05,10.800000190734863,10.800000190734863,9.979999542236328,10.119999885559082,40523600,0.0,-7.832419786258815
2022-05-06,10.0,10.050000190734863,9.420000076293944,9.479999542236328,69691300,0.0,-6.3241141359696496
2022-05-09,7.78000020980835,7.849999904632568,7.320000171661377,7.460000038146973,170871700,0.0,-21.30801267541874
2022-05-10,7.559999942779541,7.703000068664551,6.929999828338623,7.289999961853027,86932400,0.0,-2.278821386389329
2022-05-11,7.28000020980835,7.539999961853027,6.659999847412109,6.710000038146973,72894900,0.0,-7.956103247476919
2022-05-12,6.550000190734863,7.380000114440918,6.440000057220459,7.340000152587891,82147300,0.0,9.388973336204298
2022-05-13,7.519999980926514,8.350000381469727,7.519999980926514,8.34000015258789,69242700,0.0,13.623977918412256
2022-05-16,8.170000076293945,8.430000305175781,8.010000228881836,8.039999961853027,46153200,0.0,-3.597124523334372
2022-05-17,8.100000381469727,8.460000038146973,8.010000228881836,8.359999656677246,38620800,0.0,3.9800957256530554
2022-05-18,8.210000038146973,8.430000305175781,7.920000076293945,8.010000228881836,29304600,0.0,-4.186596198193149
2022-05-19,7.96999979019165,8.581000328063965,7.945000171661377,8.3100004196167,35780900,0.0,3.745320626248505
2022-05-20,8.260000228881836,8.399999618530273,7.710000038146973,8.079999923706055,40879100,0.0,-2.7677555270358645
2022-05-23,8.010000228881836,8.170000076293945,7.800000190734863,8.010000228881836,27755200,0.0,-0.8663328649155755
2022-05-24,7.980000019073486,7.989999771118164,7.369999885559082,7.550000190734863,47218700,0.0,-5.742821785302077
2022-05-25,7.519999980926514,8.017999649047852,7.510000228881836,7.960000038146973,35068900,0.0,5.430461417938104
2022-05-26,7.840000152587891,8.399999618530273,7.769999980926514,8.359999656677246,39738900,0.0,5.025120811725392
2022-05-27,8.5,8.850000381469727,8.434000015258789,8.850000381469727,37064000,0.0,5.861252929611194
2022-05-31,8.970000267028809,9.100000381469728,8.5600004196167,8.680000305175781,41672300,0.0,-1.9209047340822072
2022-06-01,8.720000267028809,8.979000091552734,8.380000114440918,8.460000038146973,34438100,0.0,-2.534565199238814
2022-06-02,8.539999961853027,9.390000343322754,8.461000442504883,9.300000190734863,41347000,0.0,9.929079773052576
2022-06-03,9.039999961853027,9.25,8.859999656677246,8.9399995803833,36632300,0.0,-3.870974225465218
2022-06-06,9.109999656677246,9.210000038146973,8.779999732971191,8.979999542236328,35101100,0.0,0.4474268873658316
2022-06-07,8.890000343322754,9.140000343322754,8.729999542236328,9.130000114440918,28049400,0.0,1.6703850762918249
2022-06-08,9.18000030517578,9.420000076293944,9.09000015258789,9.18000030517578,29056300,0.0,0.5476472081942019
2022-06-09,9.130000114440918,9.15999984741211,8.670000076293945,8.680000305175781,30527400,0.0,-5.446622912616839
2022-06-10,8.479999542236328,8.579999923706055,8.140000343322754,8.260000228881836,30225800,0.0,-4.838710386260059
2022-06-13,7.989999771118164,8.0,7.5,7.639999866485596,40943000,0.0,-7.506057448138481
2022-06-14,7.735000133514404,7.980000019073486,7.585000038146973,7.820000171661377,30564100,0.0,2.356024978028981
2022-06-15,7.920000076293945,8.300000190734863,7.815000057220459,8.119999885559082,38235300,0.0,3.836313392739599
2022-06-16,7.840000152587891,7.985000133514404,7.579999923706055,7.670000076293945,36793500,0.0,-5.541869650336251
2022-06-17,7.699999809265137,8.329999923706055,7.690000057220459,8.239999771118164,45518000,0.0,7.431547446602327
2022-06-21,8.59000015258789,9.050000190734863,8.5600004196167,8.710000038146973,48887600,0.0,5.703886894222943
2022-06-22,8.520000457763672,9.28499984741211,8.449999809265137,9.010000228881836,43430600,0.0,3.444319051905387
2022-06-23,9.020000457763672,9.5,8.84000015258789,9.460000038146973,44618000,0.0,4.994448366634319
2022-06-24,9.529999732971191,10.199999809265137,9.479999542236328,10.1899995803833,67826000,0.0,7.716697032691777
2022-06-27,10.149999618530272,10.15999984741211,9.510000228881836,9.619999885559082,44768000,0.0,-5.593716568168672
2022-06-28,9.56999969482422,9.880000114440918,9.1899995803833,9.3100004196167,45589000,0.0,-3.222447709253451
2022-06-29,9.350000381469728,9.420000076293944,9.06999969482422,9.229999542236328,40408700,0.0,-0.8593004701890727
2022-06-30,9.020000457763672,9.1899995803833,8.720000267028809,9.06999969482422,33636400,0.0,-1.7334762226146716
2022-07-01,9.109999656677246,9.43000030517578,9.031000137329102,9.270000457763672,33504400,0.0,2.2050801507036866
2022-07-05,9.140000343322754,10.100000381469728,9.0,10.06999969482422,55854800,0.0,8.629980556155669
2022-07-06,10.010000228881836,10.3100004196167,9.739999771118164,9.800000190734863,54604300,0.0,-2.68122653695938
2022-07-07,9.760000228881836,10.279999732971191,9.75,10.18000030517578,35672500,0.0,3.8775521127048407
2022-07-08,9.920000076293944,10.380000114440918,9.829999923706056,10.170000076293944,36737100,0.0,-0.0982340725152242
2022-07-11,9.979999542236328,9.994000434875488,9.529999732971191,9.5600004196167,34015100,0.0,-5.99803001082706
2022-07-12,9.65999984741211,9.960000038146973,9.270000457763672,9.489999771118164,42765800,0.0,-0.7322243245397431
2022-07-13,9.220000267028809,9.550000190734863,9.050000190734863,9.279999732971191,32461300,0.0,-2.21285609285351
2022-07-14,9.229999542236328,9.279999732971191,8.850000381469727,8.899999618530273,26702100,0.0,-4.094828937233741
2022-07-15,9.010000228881836,9.119999885559082,8.649999618530273,9.039999961853027,34918100,0.0,1.573037632847374
2022-07-18,9.25,9.449999809265137,9.005000114440918,9.029999732971191,32428400,0.0,-0.1106220013720626
2022-07-19,9.149999618530272,9.369999885559082,8.890000343322754,9.34000015258789,29033800,0.0,3.433005855856197
2022-07-20,9.4399995803833,10.199999809265137,9.4399995803833,10.109999656677246,40845200,0.0,8.244105904816369
2022-07-21,10.369999885559082,10.760000228881836,10.220000267028809,10.489999771118164,51691200,0.0,3.758656056827303
2022-07-22,10.350000381469728,10.56999969482422,9.729999542236328,9.84000015258789,38915500,0.0,-6.196374001073856
2022-07-25,9.829999923706056,9.850000381469728,9.520000457763672,9.68000030517578,21485000,0.0,-1.6260146842582146
2022-07-26,9.65999984741211,9.65999984741211,9.380000114440918,9.399999618530272,21997800,0.0,-2.892568985724042
2022-07-27,9.670000076293944,10.029999732971191,9.5,10.020000457763672,29810900,0.0,6.595753876534061
2022-07-28,10.029999732971191,10.199999809265137,9.739999771118164,10.130000114440918,27172900,0.0,1.0978009146897394
2022-07-29,10.010000228881836,10.350000381469728,9.920000076293944,10.350000381469728,31106600,0.0,2.1717696401126974
2022-08-01,10.25,10.699999809265137,10.121999740600586,10.470000267028809,31694700,0.0,1.1594191414130428
2022-08-02,10.31999969482422,11.229999542236328,10.260000228881836,10.920000076293944,40958800,0.0,4.297992337996748
2022-08-03,11.079999923706056,11.34000015258789,11.039999961853027,11.199999809265137,35796500,0.0,2.564100100869404
2022-08-04,11.1899995803833,11.40999984741211,11.029999732971191,11.31999969482422,32093400,0.0,1.071427567880967
2022-08-05,11.010000228881836,11.619999885559082,10.850000381469728,11.449999809265137,50264800,0.0,1.1484109359151118
2022-08-08,9.770000457763672,10.399999618530272,9.710000038146973,9.81999969482422,125272600,0.0,-14.235809096887063
2022-08-09,9.539999961853027,9.56999969482422,9.010000228881836,9.25,58788900,0.0,-5.804477724420353
2022-08-10,9.510000228881836,9.65999984741211,9.31999969482422,9.59000015258789,46054900,0.0,3.675677325274496
2022-08-11,9.760000228881836,10.050000190734863,9.399999618530272,9.420000076293944,44790900,0.0,-1.7726806422215802
2022-08-12,9.550000190734863,9.970000267028809,9.420000076293944,9.90999984741211,30638200,0.0,5.201696041927661
2022-08-15,9.81999969482422,10.100000381469728,9.760000228881836,9.90999984741211,33263400,0.0,0.0
2022-08-16,9.850000381469728,9.880000114440918,9.359999656677246,9.739999771118164,40603900,0.0,-1.7154397468365112
2022-08-17,9.5600004196167,9.619000434875488,9.329999923706056,9.43000030517578,33933600,0.0,-3.18274613169518
2022-08-18,9.420000076293944,9.470000267028809,9.119999885559082,9.149999618530272,26365600,0.0,-2.969254269184129
2022-08-19,9.0,9.010000228881836,8.479999542236328,8.510000228881836,40560200,0.0,-6.994529140223483
2022-08-22,8.319999694824219,8.399999618530273,8.0600004196167,8.069999694824219,37824900,0.0,-5.170393915670091
2022-08-23,8.100000381469727,8.279999732971191,8.0,8.010000228881836,25658500,0.0,-0.7434878340932816
2022-08-24,8.039999961853027,8.359999656677246,7.980000019073486,8.100000381469727,26576400,0.0,1.1235973784791575
2022-08-25,8.220000267028809,8.430000305175781,8.050000190734863,8.420000076293945,25635600,0.0,3.9506133302941393
2022-08-26,8.420000076293945,8.430000305175781,7.929999828338623,7.940000057220459,34150400,0.0,-5.700712763945226
2022-08-29,7.820000171661377,7.998000144958496,7.760000228881836,7.809999942779541,28566200,0.0,-1.6372810264994708
2022-08-30,7.929999828338623,7.974999904632568,7.679999828338623,7.789999961853027,27189200,0.0,-0.2560817038802176
2022-08-31,7.949999809265137,8.0,7.699999809265137,7.71999979019165,28691500,0.0,-0.8985901412601027
2022-09-01,7.610000133514404,7.619999885559082,7.21999979019165,7.489999771118164,39079700,0.0,-2.9792749394333407
2022-09-02,7.670000076293945,7.670000076293945,7.349999904632568,7.400000095367432,25965000,0.0,-1.2015978438046917
2022-09-06,7.449999809265137,7.460000038146973,7.170000076293945,7.28000020980835,30429400,0.0,-1.6216200542241157
2022-09-07,7.269999980926514,7.429999828338623,7.179999828338623,7.389999866485596,30330000,0.0,1.5109842514708038
2022-09-08,7.329999923706055,7.53000020980835,7.269999980926514,7.53000020980835,26303600,0.0,1.894456642112674
2022-09-09,7.679999828338623,7.820000171661377,7.639999866485596,7.789999961853027,27822300,0.0,3.4528518565777766
2022-09-12,7.860000133514404,8.029999732971191,7.820000171661377,8.010000228881836,30544800,0.0,2.824136946163436
2022-09-13,7.630000114440918,7.659999847412109,7.449999809265137,7.480000019073486,29770700,0.0,-6.616731518899544
2022-09-14,7.449999809265137,7.630000114440918,7.329999923706055,7.630000114440918,29422500,0.0,2.0053488634350414
2022-09-15,7.46999979019165,8.100000381469727,7.449999809265137,8.010000228881836,51700600,0.0,4.980342185339048
2022-09-16,7.75,7.929999828338623,7.639999866485596,7.78000020980835,42155500,0.0,-2.8714108926510384
2022-09-19,7.639999866485596,7.860000133514404,7.579999923706055,7.860000133514404,29238800,0.0,1.028276626589264
2022-09-20,7.78000020980835,7.914999961853027,7.599999904632568,7.619999885559082,30349600,0.0,-3.0534382172842545
2022-09-21,7.71999979019165,8.069999694824219,7.65500020980835,7.690000057220459,36814500,0.0,0.9186374371741968
2022-09-22,7.739999771118164,7.739999771118164,7.239999771118164,7.369999885559082,49138300,0.0,-4.161250575816522
2022-09-23,7.199999809265137,7.420000076293945,7.130000114440918,7.400000095367432,34197300,0.0,0.4070584840460078
2022-09-26,7.349999904632568,7.829999923706055,7.349999904632568,7.53000020980835,45429800,0.0,1.7567582806154336
2022-09-27,7.690000057220459,7.835000038146973,7.460000038146973,7.630000114440918,31794700,0.0,1.3280199448375996
2022-09-28,7.630000114440918,8.0,7.619999885559082,7.940000057220459,31955900,0.0,4.062908756617434
2022-09-29,8.050000190734863,8.329999923706055,7.78000020980835,8.079999923706055,57845800,0.0,1.7632224871117377
2022-09-30,8.010000228881836,8.5,7.97100019454956,8.130000114440918,47454800,0.0,0.6188142476111436
2022-10-03,8.145000457763672,8.300000190734863,7.96999979019165,8.239999771118164,35524000,0.0,1.3530092881777422
2022-10-04,8.479999542236328,8.609999656677246,8.34000015258789,8.460000038146973,36313300,0.0,2.669906227424024
2022-10-05,8.260000228881836,8.484999656677246,8.074999809265137,8.420000076293945,37790200,0.0,-0.4728127857288822
2022-10-06,8.399999618530273,8.600000381469727,8.3149995803833,8.470000267028809,27653400,0.0,0.5938264879074673
2022-10-07,8.260000228881836,8.279999732971191,8.109999656677246,8.149999618530273,29550500,0.0,-3.778047678985352
2022-10-10,8.170000076293945,8.180000305175781,7.880000114440918,8.0600004196167,26923300,0.0,-1.1042847009335666
2022-10-11,7.989999771118164,8.295000076293945,7.699999809265137,8.039999961853027,40775800,0.0,-0.2481446243475904
2022-10-12,8.0600004196167,8.100000381469727,7.820000171661377,8.069999694824219,30201600,0.0,0.3731310088747497
2022-10-13,7.739999771118164,8.199999809265137,7.565000057220459,8.079999923706055,36040900,0.0,0.1239185781908958
2022-10-14,8.229999542236328,8.3100004196167,7.53000020980835,7.53000020980835,37430100,0.0,-6.806927216472502
2022-10-17,7.710000038146973,8.0600004196167,7.690000057220459,7.940000057220459,31751700,0.0,5.444884940083483
2022-10-18,8.149999618530273,8.329999923706055,8.039999961853027,8.15999984741211,37120400,0.0,2.7707781940327303
2022-10-19,8.0600004196167,8.125,7.84499979019165,7.909999847412109,26594000,0.0,-3.063725547486207
2022-10-20,7.730000019073486,8.260000228881836,7.730000019073486,8.039999961853027,26689500,0.0,1.643490732600328
2022-10-21,7.929999828338623,8.319999694824219,7.809999942779541,8.289999961853027,30705700,0.0,3.109452751071662
2022-10-24,8.300000190734863,8.300000190734863,8.010000228881836,8.270000457763672,28062200,0.0,-0.241248542598127
2022-10-25,8.359999656677246,8.65999984741211,8.359999656677246,8.65999984741211,31001500,0.0,4.715832745599369
2022-10-26,8.479999542236328,9.050000190734863,8.390000343322754,8.569999694824219,33530900,0.0,-1.0392627502734395
2022-10-27,8.680000305175781,8.779999732971191,8.460000038146973,8.600000381469727,28940800,0.0,0.3500663677225901
2022-10-28,8.550000190734863,8.65999984741211,8.364999771118164,8.640000343322754,20697400,0.0,0.4651158148692103
2022-10-31,8.59000015258789,8.829999923706055,8.430000305175781,8.789999961853027,31376100,0.0,1.73610662696555
2022-11-01,8.989999771118164,9.0600004196167,8.5600004196167,8.649999618530273,29800000,0.0,-1.5927229116078467
2022-11-02,8.699999809265137,8.760000228881836,8.199999809265137,8.220000267028809,36042600,0.0,-4.971090988030891
2022-11-03,8.069999694824219,8.300000190734863,7.869999885559082,8.079999923706055,36419500,0.0,-1.7031671383796465
2022-11-04,8.1899995803833,8.199999809265137,7.650000095367432,7.929999828338623,64338900,0.0,-1.856436841383424
2022-11-07,7.78000020980835,7.849999904632568,6.889999866485596,7.019999980926514,99332800,0.0,-11.475408160289447
2022-11-08,7.079999923706055,7.420000076293945,6.909999847412109,7.210000038146973,56353900,0.0,2.706553529012723
2022-11-09,7.119999885559082,7.184999942779541,6.949999809265137,6.980000019073486,42517300,0.0,-3.1900141172897745
2022-11-10,7.460000038146973,7.96999979019165,7.429999828338623,7.639999866485596,58579800,0.0,9.45558518063896
2022-11-11,7.480000019073486,8.420000076293945,7.375,8.40999984741211,55324100,0.0,10.078533957890157
2022-11-14,8.180000305175781,8.319999694824219,7.953000068664551,8.100000381469727,37402700,0.0,-3.686081707097466
2022-11-15,8.449999809265137,8.470000267028809,8.154999732971191,8.34000015258789,34454100,0.0,2.9629599977206045
2022-11-16,8.180000305175781,8.239999771118164,8.0,8.0600004196167,28436000,0.0,-3.3573108854717204
2022-11-17,7.829999923706055,7.880000114440918,7.525000095367432,7.619999885559082,33746500,0.0,-5.45906341377761
2022-11-18,7.760000228881836,7.789999961853027,7.309999942779541,7.389999866485596,27245200,0.0,-3.0183729990517105
2022-11-21,7.309999942779541,7.320000171661377,7.070000171661377,7.190000057220459,36605600,0.0,-2.706357413782323
2022-11-22,7.179999828338623,7.25,6.980000019073486,7.21999979019165,27327800,0.0,0.4172424580312084
2022-11-23,7.25,7.420000076293945,7.119999885559082,7.369999885559082,24182900,0.0,2.0775637081209557
2022-11-25,7.320000171661377,7.339000225067139,7.190000057220459,7.28000020980835,10824400,0.0,-1.2211625121878122
2022-11-28,7.230000019073486,7.400000095367432,7.150000095367432,7.159999847412109,19438000,0.0,-1.6483565788166232
2022-11-29,7.199999809265137,7.300000190734863,7.050000190734863,7.079999923706055,22150800,0.0,-1.117317394007622
2022-11-30,7.139999866485596,7.510000228881836,7.0329999923706055,7.5,32745700,0.0,5.932204531353924
2022-12-01,7.510000228881836,7.880000114440918,7.46999979019165,7.860000133514404,34424400,0.0,4.800001780192065
2022-12-02,7.614999771118164,7.760000228881836,7.5,7.659999847412109,18794000,0.0,-2.5445328588419525
2022-12-05,7.619999885559082,7.695000171661377,7.105000019073486,7.190000057220459,32158200,0.0,-6.135767618199594
2022-12-06,7.190000057220459,7.195000171661377,6.880000114440918,6.989999771118164,32868100,0.0,-2.78164512532163
2022-12-07,7.079999923706055,7.349999904632568,7.019999980926514,7.070000171661377,28351600,0.0,1.1444978993241817
2022-12-08,7.099999904632568,7.269999980926514,6.940000057220459,7.119999885559082,23107700,0.0,0.7072095146209323
2022-12-09,7.059999942779541,7.190000057220459,7.03000020980835,7.110000133514404,23367300,0.0,-0.1404459579410821
2022-12-12,7.110000133514404,7.309999942779541,7.090000152587891,7.289999961853027,22672400,0.0,2.5316431077146984
2022-12-13,7.730000019073486,7.96999979019165,7.489999771118164,7.5,41033800,0.0,2.8806589745659306
2022-12-14,7.5,7.599999904632568,7.264999866485596,7.349999904632568,22653800,0.0,-2.0000012715657545
2022-12-15,7.170000076293945,7.297999858856201,7.010000228881836,7.010000228881836,25417100,0.0,-4.625845988602483
2022-12-16,7.019999980926514,7.079999923706055,6.760000228881836,6.900000095367432,32655600,0.0,-1.56918872928411
2022-12-19,6.800000190734863,6.829999923706055,6.320000171661377,6.349999904632568,41511600,0.0,-7.971017146856651
2022-12-20,6.289999961853027,6.539999961853027,6.199999809265137,6.309999942779541,30215600,0.0,-0.6299206685632552
2022-12-21,6.239999771118164,6.519999980926514,6.039999961853027,6.5,34408600,0.0,3.0110944365042918
2022-12-22,6.369999885559082,6.380000114440918,6.179999828338623,6.320000171661377,28066000,0.0,-2.769228128286505
2022-12-23,6.269999980926514,6.300000190734863,6.070000171661377,6.289999961853027,20419000,0.0,-0.4746868511629087
2022-12-27,6.150000095367432,6.21999979019165,5.920000076293945,6.0,34573300,0.0,-4.610492267278065
2022-12-28,5.980000019073486,6.170000076293945,5.949999809265137,6.070000171661377,30096800,0.0,1.1666695276896233
2022-12-29,6.099999904632568,6.525000095367432,6.099999904632568,6.400000095367432,42694200,0.0,5.436571900717646
2022-12-30,6.190000057220459,6.420000076293945,6.190000057220459,6.420000076293945,27830900,0.0,0.3124996973201677
2023-01-03,6.579999923706055,6.639999866485596,6.275000095367432,6.389999866485596,29969900,0.0,-0.4672929821157856
2023-01-04,6.480000019073486,6.675000190734863,6.369999885559082,6.579999923706055,31660500,0.0,2.973396888738211
2023-01-05,6.449999809265137,6.489999771118164,6.25,6.320000171661377,34186000,0.0,-3.951364058652418
2023-01-06,6.400000095367432,6.449999809265137,6.090000152587891,6.400000095367432,30596400,0.0,1.2658215432457045
2023-01-09,6.489999771118164,6.670000076293945,6.400000095367432,6.5,31028900,0.0,1.5624984866008385
2023-01-10,6.5,6.71999979019165,6.489999771118164,6.699999809265137,28236600,0.0,3.076920142540573
2023-01-11,6.840000152587891,6.989999771118164,6.760000228881836,6.980000019073486,25936700,0.0,4.179107728050213
2023-01-12,7.010000228881836,7.050000190734863,6.78000020980835,7.010000228881836,30152500,0.0,0.4298024316099047
2023-01-13,6.840000152587891,7.010000228881836,6.809999942779541,6.960000038146973,20981000,0.0,-0.7132694593768751
2023-01-17,6.989999771118164,7.150000095367432,6.730000019073486,7.070000171661377,30910300,0.0,1.580461679763023
2023-01-18,7.15500020980835,7.300000190734863,6.880000114440918,6.900000095367432,32743400,0.0,-2.404527187642158
2023-01-19,6.800000190734863,6.894999980926514,6.670000076293945,6.730000019073486,24841700,0.0,-2.463769187598719
2023-01-20,6.760000228881836,7.059999942779541,6.71999979019165,7.019999980926514,28751700,0.0,4.3090633139842405
2023-01-23,7.03000020980835,7.409999847412109,6.991000175476074,7.380000114440918,31633300,0.0,5.128207044053168
2023-01-24,7.0,7.420000076293945,7.0,7.019999980926514,22649500,0.0,-4.878050513982634
2023-01-25,6.920000076293945,7.269999980926514,6.690000057220459,7.21999979019165,37147900,0.0,2.849000139722801
2023-01-26,7.369999885559082,7.449999809265137,7.039999961853027,7.239999771118164,28005600,0.0,0.2770080541232733
2023-01-27,7.190000057220459,7.730000019073486,7.139999866485596,7.550000190734863,37555200,0.0,4.281773886973794
2023-01-30,7.5,7.610000133514404,7.360000133514404,7.369999885559082,28567800,0.0,-2.384109942098711
2023-01-31,7.409999847412109,7.820000171661377,7.380000114440918,7.78000020980835,40984000,0.0,5.563098108761566
2023-02-01,7.730000019073486,8.220000267028809,7.679999828338623,8.199999809265137,50123700,0.0,5.398452289593614
2023-02-02,8.510000228881836,9.210000038146973,8.470000267028809,8.989999771118164,71889700,0.0,9.634146100350026
2023-02-03,8.539999961853027,8.899999618530273,8.373000144958496,8.40999984741211,64785500,0.0,-6.45161221882784
2023-02-06,8.3100004196167,8.53499984741211,8.239999771118164,8.3100004196167,38845500,0.0,-1.1890538598069211
2023-02-07,8.329999923706055,8.40999984741211,8.0600004196167,8.329999923706055,42201800,0.0,0.2406679070935391
2023-02-08,8.25,8.569999694824219,8.170000076293945,8.220000267028809,35105500,0.0,-1.3205241018574565
2023-02-09,8.34000015258789,8.430000305175781,7.940000057220459,7.949999809265137,33366700,0.0,-3.284676995044256
2023-02-10,7.789999961853027,7.860000133514404,7.460000038146973,7.510000228881836,43042400,0.0,-5.5345860495558
2023-02-13,7.579999923706055,7.775000095367432,7.449999809265137,7.610000133514404,87397100,0.0,1.3315566123152769
2023-02-14,8.59000015258789,9.295000076293944,8.229999542236328,9.220000267028809,216055200,0.0,21.156374576446744
2023-02-15,9.15999984741211,10.229999542236328,9.109999656677246,10.109999656677246,153210400,0.0,9.652921517053748
2023-02-16,9.649999618530272,10.3100004196167,9.600000381469728,9.710000038146973,88638800,0.0,-3.956475095091516
2023-02-17,9.56999969482422,9.710000038146973,9.085000038146973,9.199999809265137,62137800,0.0,-5.252319535306227
2023-02-21,9.010000228881836,9.100000381469728,8.399999618530273,8.470000267028809,65226600,0.0,-7.934777797507775
2023-02-22,8.479999542236328,8.625,8.15999984741211,8.359999656677246,55346000,0.0,-1.29870846379736
2023-02-23,8.420000076293945,8.479999542236328,7.909999847412109,8.170000076293945,60015500,0.0,-2.272722346723366
2023-02-24,7.940000057220459,8.199999809265137,7.869999885559082,8.09000015258789,41518600,0.0,-0.9791912234882628
2023-02-27,8.119999885559082,8.229999542236328,7.960000038146973,8.029999732971191,35270000,0.0,-0.7416615387517145
2023-02-28,7.960000038146973,8.097000122070312,7.800000190734863,7.840000152587891,32937000,0.0,-2.366121876731353
2023-03-01,7.829999923706055,7.909999847412109,7.690000057220459,7.690000057220459,27939100,0.0,-1.913266485306364
2023-03-02,7.590000152587891,8.029999732971191,7.559999942779541,7.96999979019165,36538700,0.0,3.6410888281891207
2023-03-03,8.0,8.5,8.0,8.329999923706055,43109700,0.0,4.516940313567397
2023-03-06,8.34000015258789,8.449999809265137,8.199999809265137,8.279999732971191,28316200,0.0,-0.6002423912702559
2023-03-07,8.274999618530273,8.425000190734863,8.1899995803833,8.279999732971191,26819600,0.0,0.0
2023-03-08,8.359999656677246,8.579999923706055,8.0600004196167,8.130000114440918,38723600,0.0,-1.8115896541997525
2023-03-09,8.069999694824219,8.260000228881836,7.679999828338623,7.690000057220459,29005900,0.0,-5.412054748177786
2023-03-10,7.590000152587891,7.679999828338623,7.28000020980835,7.349999904632568,41841600,0.0,-4.4213283492586015
2023-03-13,7.289999961853027,8.149999618530273,7.190000057220459,7.869999885559082,63183500,0.0,7.0748297642666325
2023-03-14,8.050000190734863,8.140000343322754,7.78000020980835,7.889999866485596,33460100,0.0,0.2541293674376277
2023-03-15,7.809999942779541,7.989999771118164,7.699999809265137,7.900000095367432,28217400,0.0,0.1267456153492885
2023-03-16,8.010000228881836,8.079999923706055,7.860000133514404,7.980000019073486,20255400,0.0,1.0126572498773356
2023-03-17,7.929999828338623,8.029999732971191,7.840000152587891,7.880000114440918,20885600,0.0,-1.253131634004412
2023-03-20,7.764999866485596,8.095000267028809,7.71999979019165,8.079999923706055,25497400,0.0,2.53806860863639
2023-03-21,8.199999809265137,8.510000228881836,8.170000076293945,8.449999809265137,27104500,0.0,4.579206547682424
2023-03-22,8.4399995803833,8.619999885559082,8.199999809265137,8.210000038146973,34151000,0.0,-2.8402340418400063
2023-03-23,8.319999694824219,8.5600004196167,8.15999984741211,8.329999923706055,22662200,0.0,1.4616307551950536
2023-03-24,8.289999961853027,8.350000381469727,8.0600004196167,8.199999809265137,17939800,0.0,-1.560625637834101
2023-03-27,8.149999618530273,8.319999694824219,7.940000057220459,8.039999961853027,20666800,0.0,-1.9512176967531936
2023-03-28,8.0600004196167,8.119999885559082,7.96999979019165,8.0,14860500,0.0,-0.4975119657066318
2023-03-29,8.09000015258789,8.25,8.050999641418457,8.220000267028809,15339700,0.0,2.7500033378601074
2023-03-30,8.329999923706055,8.380000114440918,8.050000190734863,8.149999618530273,21001600,0.0,-0.8515893701283028
2023-03-31,8.149999618530273,8.479999542236328,8.079999923706055,8.449999809265137,26112000,0.0,3.6809841076896
2023-04-03,8.369999885559082,8.529999732971191,8.210000038146973,8.380000114440918,22512000,0.0,-0.8283987740149601
2023-04-04,8.529999732971191,8.539999961853027,8.229999542236328,8.350000381469727,23943400,0.0,-0.3579920353401156
2023-04-05,8.630000114440918,8.649999618530273,7.909999847412109,7.925000190734863,30989688,0.0,-5.089822411002776
2023-04-06,7.880000114440918,8.140000343322754,7.789999961853027,8.09000015258789,23076232,0.0,0.0
